date,ticker,mnav_proxy
2026-05-13,MSTR,1.3943885699107856
2026-05-14,MSTR,1.4864489917822241
2026-05-15,MSTR,1.379719715810481
2026-05-18,MSTR,1.3565706043958583
2026-05-19,MSTR,1.3484580215323563
2026-05-20,MSTR,1.361673821797929
2026-05-21,MSTR,1.34135376630737
2026-05-22,MSTR,1.2996532984534284
2026-05-26,MSTR,1.3048914655463095
2026-05-27,MSTR,1.2814823389390197
2026-05-28,MSTR,1.2858301804202292
2026-05-29,MSTR,1.3616033253480926
2026-06-01,MSTR,1.2828445377846198
2026-06-02,MSTR,1.202738851026854
2026-06-03,MSTR,1.1954511372159249
2026-06-04,MSTR,1.2732907517238001
2026-06-05,MSTR,1.189782765610187
2026-06-08,MSTR,1.267229149978058
2026-06-09,MSTR,1.169589038426716
2026-06-10,MSTR,1.1790588211732935
2026-06-11,MSTR,1.2319102091670864
2026-06-12,MSTR,1.2295678927956624
2026-06-15,MSTR,1.2580515136726802
2026-06-16,MSTR,1.1677758365785258
2026-06-17,MSTR,1.1197168944226337
2026-06-18,MSTR,1.1007084821232176
2026-06-22,MSTR,1.0908057295011218
2026-06-23,MSTR,1.0237658658185735
2026-06-24,MSTR,0.9469170595673702
2026-06-25,MSTR,0.8819344503198623
2026-06-26,MSTR,0.868708306929859
2026-06-29,MSTR,0.9819708318464117
2026-06-30,MSTR,0.9109765049041092
2026-07-01,MSTR,1.0051810404109087
2026-07-02,MSTR,1.0592638056211048
2026-07-06,MSTR,0.9989855665425119
2026-07-07,MSTR,0.9589199768432851
2026-07-08,MSTR,0.9342671536110444
2026-07-09,MSTR,0.9508021642056108
2026-07-10,MSTR,0.9440538078640864
2026-07-13,MSTR,0.9107357425845619
2026-07-14,MSTR,0.9876648533409395
2026-07-15,MSTR,0.9454920864124444
2026-07-16,MSTR,0.9158768546399221
2026-07-17,MSTR,0.9372583504260859
2026-07-20,MSTR,0.9534814796218665
2026-07-21,MSTR,0.9858940417191232
2026-07-22,MSTR,0.9477088498180849
2026-07-23,MSTR,0.893211885714295
2026-07-24,MSTR,0.8882875067204425
2026-07-27,MSTR,0.951661934179427
2026-07-28,MSTR,0.951559516658144
2026-07-29,MSTR,0.9209441749789624
2026-07-30,MSTR,0.9639374247240466
2026-07-31,MSTR,0.9082044273939882
2026-08-03,MSTR,0.9416062984506451
2026-08-04,MSTR,0.9698995438189503
2026-08-05,MSTR,0.967946065457615
2026-08-06,MSTR,0.9449280573696817
2026-08-07,MSTR,0.9810119340113346
2026-08-10,MSTR,0.9459889568134717
2026-08-11,MSTR,0.9476778272611579
2026-08-12,MSTR,0.9408174777893407
2026-08-13,MSTR,0.9652972028225599
2026-08-14,MSTR,0.9246359385353755
2026-08-17,MSTR,0.9797923337177662
2026-08-18,MSTR,0.9043246022650065
2026-08-19,MSTR,1.015907565456033
2026-08-20,MSTR,1.022447306286578
2026-08-21,MSTR,1.0294401279023093
2026-08-24,MSTR,0.9947112084232622
2026-08-25,MSTR,1.012345221242319
2026-08-26,MSTR,0.9890854541376124
2026-08-27,MSTR,1.096101244031114
2026-08-28,MSTR,0.9997886608333336
2026-08-31,MSTR,1.0790916636813759
2026-09-01,MSTR,1.002124067883099
2026-09-02,MSTR,1.003072700629077
2026-09-03,MSTR,1.1810147260203296
2026-09-04,MSTR,1.1076853736343686
2026-09-08,MSTR,1.088042451828974
2026-09-09,MSTR,1.0662620800987201
2026-09-10,MSTR,1.0352094456914205
2026-09-11,MSTR,1.0784214084286716
2026-09-14,MSTR,1.1237030980888612
2026-09-15,MSTR,1.0450484553204955
2026-09-16,MSTR,1.0522402978259593
2026-09-17,MSTR,1.0947982921521076
2026-09-18,MSTR,1.2704415200636867
2026-09-21,MSTR,1.3085781973736368
2026-09-22,MSTR,1.218042455647854
2026-09-23,MSTR,1.1863638831271144
2026-09-24,MSTR,1.207275856816257
2026-09-25,MSTR,1.1849272196036646
2026-09-28,MSTR,1.1729612926130368
2026-09-29,MSTR,1.167932335939308
2026-09-30,MSTR,1.1537784675722444
2026-10-01,MSTR,1.2105505069436864
2026-10-02,MSTR,1.1888528240971126
2026-10-05,MSTR,1.1984133809388966
